CMB;Colombo;LK;6.920000076293945;79.87000274658203
PHL;Philadelphia;US;39.95000076293945;-75.16000366210938
CLT;Charlotte;US;35.220001220703125;-80.83999633789062
PHX;Phoenix;US;33.439998626708984;-112.06999969482422
DOH;Doha;QA;25.260000228881836;51.56999969482422
KUL;Kuala Lumpur;MY;3.140000104904175;101.69000244140625
DUS;Duesseldorf;DE;51.22999954223633;6.769999980926514
BER;Berlin;DE;52.5099983215332;13.399999618530273
LON;London;GB;51.5099983215332;-0.12999999523162842
HEL;Helsinki;FI;60.16999816894531;24.969999313354492
MAD;Madrid;ES;40.470001220703125;-3.690000057220459
SCL;Santiago;CL;-33.470001220703125;-70.63999938964844
AMM;Amman;JO;31.959999084472656;35.95000076293945
DFW;Dallas/Ft. Worth;US;32.779998779296875;-96.80000305175781
LAX;Los Angeles;US;34.04999923706055;-118.23999786376953
NYC;New York;US;40.70000076293945;-74.01000213623047
MIA;Miami;US;25.790000915527344;-80.2300033569336
CHI;Chicago;US;41.849998474121094;-87.6500015258789
SAO;Sao Paulo;BR;-23.549999237060547;-46.63999938964844
BUE;Buenos Aires;AR;-34.599998474121094;-58.380001068115234
LIM;Lima;PE;-12.029999732971191;-77.05999755859375
SYD;Sydney;AU;-34.02000045776367;151.0800018310547
HKG;Hong Kong;HK;22.399999618530273;114.11000061035156
TYO;Tokyo;JP;35.65999984741211;139.69000244140625
MOW;Moscow;RU;55.7599983215332;37.619998931884766
STO;Stockholm;SE;59.33000183105469;18.059999465942383
BCN;Barcelona;ES;41.38999938964844;2.1700000762939453
PAR;Paris;FR;48.86000061035156;2.3499999046325684
FRA;Frankfurt;DE;50.11000061035156;8.6899995803833
ZRH;Zurich;CH;47.369998931884766;8.550000190734863
MAN;Manchester;GB;53.5;-2.2799999713897705
SFO;San Francisco;US;37.779998779296875;-122.41999816894531
WAS;Washington;US;38.900001525878906;-77.02999877929688
BOS;Boston;US;42.369998931884766;-71.05999755859375
RIO;Rio de Janeiro;BR;-22.8700008392334;-43.209999084472656
YVR;Vancouver;CA;49.2599983215332;-123.11000061035156
YTO;Toronto;CA;43.68000030517578;-79.37999725341797
BKK;Bangkok;TH;13.729999542236328;100.5199966430664
SIN;Singapore;SG;1.2799999713897705;103.8499984741211
AKL;Auckland;NZ;-36.849998474121094;174.8000030517578
MEL;Melbourne;AU;-37.810001373291016;144.97000122070312
BNE;Brisbane;AU;-27.469999313354492;153.02000427246094
TPE;Taipei;TW;25.06999969482422;121.54000091552734
OSA;Osaka;JP;34.689998626708984;135.5
NGO;Nagoya;JP;35.18000030517578;136.92999267578125
JNB;Johannesburg;ZA;-26.200000762939453;28.049999237060547
CPT;Cape Town;ZA;-33.959999084472656;18.420000076293945
AAL;Aalborg;DK;57.04999923706055;9.920000076293945
AAQ;Anapa;RU;44.900001525878906;37.31999969482422
AAR;Aarhus;DK;56.15999984741211;10.199999809265137
ABA;Abakan;RU;53.720001220703125;91.5
ABE;Allentown;US;40.61000061035156;-75.48999786376953
ABI;Abilene;US;32.40999984741211;-99.72000122070312
ABQ;Albuquerque;US;35.11000061035156;-106.61000061035156
ABV;Abuja;NG;9.069999694824219;7.480000019073486
ABX;Albury;AU;-36.06999969482422;146.9199981689453
ABZ;Aberdeen;GB;57.150001525878906;-2.0899999141693115
ACC;Accra;GH;5.599999904632568;-0.17000000178813934
ACE;Lanzarote;ES;29.049999237060547;-13.59000015258789
ACT;Waco;US;31.549999237060547;-97.1500015258789
ADA;Adana;TR;36.97999954223633;35.279998779296875
ADD;Addis Ababa;ET;9.020000457763672;38.75
ADL;Adelaide;AU;-34.95000076293945;138.60000610351562
ADZ;San Andres Island;CO;12.579999923706055;-81.69999694824219
AER;Sochi;RU;43.59000015258789;39.720001220703125
AEX;Alexandria;US;31.329999923706055;-92.44999694824219
AGA;Agadir;MA;30.43000030517578;-9.600000381469727
AGP;Malaga;ES;36.72999954223633;-4.420000076293945
AGS;Augusta;US;33.470001220703125;-82.01000213623047
AGU;Aguascalientes;MX;21.8799991607666;-102.31999969482422
AJU;Aracaju;BR;-10.90999984741211;-37.04999923706055
AKJ;Asahikawa;JP;43.77000045776367;142.36000061035156
ALA;Almaty;KZ;43.2599983215332;76.91000366210938
ALB;Albany;US;42.650001525878906;-73.76000213623047
ALC;Alicante;ES;38.279998779296875;-0.5699999928474426
ALG;Algiers;DZ;36.75;3.0399999618530273
ALO;Waterloo;US;42.4900016784668;-92.33999633789062
AMA;Amarillo;US;35.22999954223633;-101.83000183105469
AMD;Ahmedabad;IN;23.06999969482422;72.56999969482422
AMS;Amsterdam;NL;52.369998931884766;4.900000095367432
ANC;Anchorage;US;61.220001220703125;-149.89999389648438
ANF;Antofagasta;CL;-23.649999618530273;-70.44000244140625
ANK;Ankara;TR;39.91999816894531;32.83000183105469
ANU;Antigua;AG;17.110000610351562;-61.81999969482422
AOJ;Aomori;JP;40.81999969482422;140.75
AOK;Karpathos;GR;35.58000183105469;27.149999618530273
AOR;Alor Setar;MY;6.119999885559082;100.4000015258789
AQJ;Aqaba;JO;29.530000686645508;35.02000045776367
AQP;Arequipa;PE;-16.399999618530273;-71.55000305175781
ARI;Arica;CL;-18.479999542236328;-70.3499984741211
ARM;Armidale;AU;-30.530000686645508;151.67999267578125
ART;Watertown;US;43.9900016784668;-75.91000366210938
ASB;Ashgabat;TM;37.97999954223633;58.36000061035156
ASE;Aspen;US;39.220001220703125;-106.81999969482422
ASF;Astrakhan;RU;46.369998931884766;48.08000183105469
ASJ;Amami;JP;28.420000076293945;129.49000549316406
ASP;Alice Springs;AU;-23.700000762939453;133.8800048828125
ATH;Athens;GR;37.97999954223633;23.729999542236328
ATL;Atlanta;US;33.75;-84.43000030517578
ATQ;Amritsar;IN;31.6299991607666;74.87000274658203
ATW;Appleton;US;44.2599983215332;-88.41999816894531
AUA;Aruba;AW;12.5;-70.01000213623047
AUH;Abu Dhabi;AE;24.43000030517578;54.369998931884766
AUS;Austin;US;30.270000457763672;-97.73999786376953
AUW;Wausau;US;44.959999084472656;-89.62999725341797
AVL;Asheville/Hendersonville;US;35.599998474121094;-82.54000091552734
AVP;Wilkes-Barre/Scranton;US;41.25;-75.87999725341797
AXT;Akita;JP;39.720001220703125;140.10000610351562
AYP;Ayacucho;PE;-13.199999809265137;-74.25
AYQ;Ayers Rock;AU;-25.329999923706055;131.0500030517578
AYT;Antalya;TR;36.90999984741211;30.709999084472656
AZO;Kalamazoo/Battle Creek;US;42.290000915527344;-85.55000305175781
BAH;Bahrain;BH;26.06999969482422;50.560001373291016
BAK;Baku;AZ;40.43000030517578;49.869998931884766
BAQ;Barranquilla;CO;10.960000038146973;-74.77999877929688
BAX;Barnaul;RU;53.369998931884766;83.75
BBA;Balmaceda;CL;-45.91999816894531;-71.69999694824219
BCI;Barcaldine;AU;-23.559999465942383;145.3000030517578
BDA;Bermuda;BM;32.310001373291016;-64.75
BDB;Bundaberg;AU;-24.90999984741211;152.32000732421875
BDS;Brindisi;IT;40.65999984741211;17.950000762939453
BEG;Belgrade;RS;44.81999969482422;20.459999084472656
BEL;Belem;BR;-1.4500000476837158;-48.47999954223633
BEY;Beirut;LB;33.88999938964844;35.4900016784668
BFL;Bakersfield;US;35.369998931884766;-119.05000305175781
BFS;Belfast;GB;54.58000183105469;-5.920000076293945
BGA;Bucaramanga;CO;7.110000133514404;-73.12999725341797
BGI;Bridgetown;BB;13.069999694824219;-59.61000061035156
BGO;Bergen;NO;60.38999938964844;5.320000171661377
BGR;Bangor;US;44.810001373291016;-68.77999877929688
BGW;Baghdad;IQ;33.33000183105469;44.41999816894531
BHI;Bahia Blanca;AR;-38.72999954223633;-62.27000045776367
BHM;Birmingham;US;33.560001373291016;-86.80000305175781
BHX;Birmingham;GB;52.52000045776367;-1.840000033378601
BHZ;Belo Horizonte;BR;-19.920000076293945;-43.939998626708984
BIL;Billings;US;45.810001373291016;-108.54000091552734
BIO;Bilbao;ES;43.29999923706055;-2.9200000762939453
BIQ;Biarritz;FR;43.470001220703125;-1.5199999809265137
BIS;Bismarck;US;46.79999923706055;-100.77999877929688
BJS;Beijing;CN;39.900001525878906;116.41000366210938
BJX;Leon/Guanajuato;MX;21.0;-102.4800033569336
BJZ;Badajoz;ES;38.88999938964844;-6.96999979019165
BKI;Kota Kinabalu;MY;5.940000057220459;116.12000274658203
BKQ;Blackall;AU;-24.43000030517578;145.42999267578125
BLL;Billund;DK;55.7400016784668;9.149999618530273
BLQ;Bologna;IT;44.529998779296875;11.289999961853027
BLR;Bengaluru;IN;12.970000267028809;77.58999633789062
BME;Broome;AU;-17.950000762939453;122.2300033569336
BMI;Bloomington-Normal;US;40.47999954223633;-88.98999786376953
BNA;Nashville;US;36.130001068115234;-86.77999877929688
BOD;Bordeaux;FR;44.83000183105469;-0.5799999833106995
BOG;Bogota;CO;4.599999904632568;-74.08000183105469
BOI;Boise;US;43.619998931884766;-116.2300033569336
BOJ;Burgas;BG;42.5;27.459999084472656
BOM;Mumbai;IN;19.09000015258789;72.8499984741211
BPS;Porto Seguro;BR;-16.450000762939453;-39.08000183105469
BPT;Beaumont/Port Arthur;US;30.079999923706055;-94.12999725341797
BQS;Blagoveschensk;RU;50.27000045776367;127.54000091552734
BRC;San Carlos Bariloche;AR;-41.150001525878906;-71.30999755859375
BRI;Bari;IT;41.13999938964844;16.8700008392334
BRO;Brownsville;US;25.90999984741211;-97.5
BRS;Bristol;GB;51.45000076293945;-2.5899999141693115
BRU;Brussels;BE;50.849998474121094;4.349999904632568
BSB;Brasilia;BR;-15.779999732971191;-47.91999816894531
BSR;Basrah;IQ;30.5;47.790000915527344
BTK;Bratsk;RU;56.119998931884766;101.5999984741211
BTR;Baton Rouge;US;30.459999084472656;-91.1500015258789
BTU;Bintulu;MY;3.180000066757202;113.04000091552734
BTV;Burlington;US;44.47999954223633;-73.20999908447266
BUD;Budapest;HU;47.5;19.040000915527344
BUF;Buffalo;US;42.88999938964844;-78.87999725341797
BUH;Bucharest;RO;44.43000030517578;26.100000381469727
BUR;Burbank;US;34.20000076293945;-118.30999755859375
BUS;Batumi;GE;41.61000061035156;41.599998474121094
BVB;Boa Vista;BR;2.8299999237060547;-60.66999816894531
BWI;Baltimore;US;39.290000915527344;-76.61000061035156
BWN;Bandar Seri Begawan;BN;4.929999828338623;114.93000030517578
BZE;Belize City;BZ;17.540000915527344;-88.19000244140625
BZK;Bryansk;RU;53.27000045776367;34.33000183105469
BZN;Bozeman;US;45.68000030517578;-111.05000305175781
CAE;Columbia;US;34.0;-81.02999877929688
CAG;Cagliari;IT;39.25;9.119999885559082
CAI;Cairo;EG;30.040000915527344;31.239999771118164
CAK;Akron/Canton;US;40.90999984741211;-81.44000244140625
CAN;Guangzhou;CN;23.1299991607666;113.2699966430664
CAP;Cap-Haitien;HT;19.729999542236328;-72.19999694824219
CAS;Casablanca;MA;33.560001373291016;-7.579999923706055
CBG;Cambridge;GB;52.209999084472656;0.11999999731779099
CBR;Canberra;AU;-35.310001373291016;149.1300048828125
CCJ;Kozhikode;IN;11.260000228881836;75.77999877929688
CCP;Concepcion;CL;-36.77000045776367;-73.05999755859375
CCS;Caracas;VE;10.489999771118164;-66.9000015258789
CCU;Kolkata;IN;22.56999969482422;88.36000061035156
CEB;Cebu;PH;10.329999923706055;123.91000366210938
CEK;Chelyabinsk;RU;55.16999816894531;61.43000030517578
CFG;Cienfuegos;CU;22.149999618530273;-80.41000366210938
CFS;Coffs Harbour;AU;-30.31999969482422;153.1199951171875
CFU;Kerkyra;GR;39.599998474121094;19.829999923706055
CGB;Cuiaba;BR;-15.600000381469727;-56.119998931884766
CGN;Cologne/Bonn;DE;50.93000030517578;6.949999809265137
CGO;Zhengzhou;CN;34.75;113.6500015258789
CGR;Campo Grande;BR;-20.459999084472656;-54.66999816894531
CHA;Chattanooga;US;35.040000915527344;-85.30999755859375
CHC;Christchurch;NZ;-43.529998779296875;172.63999938964844
CHO;Charlottesville;US;38.029998779296875;-78.44999694824219
CHQ;Chania;GR;35.529998779296875;24.020000457763672
CHS;Charleston;US;32.779998779296875;-79.93000030517578
CID;Cedar Rapids;US;41.97999954223633;-91.70999908447266
CIT;Shymkent;KZ;42.29999923706055;69.5999984741211
CIX;Chiclayo;PE;-6.789999961853027;-79.83000183105469
CJA;Cajamarca;PE;-7.130000114440918;-78.5
CJB;Coimbatore;IN;11.029999732971191;76.95999908447266
CJC;Calama;CL;-22.489999771118164;-68.91999816894531
CJU;Jeju;KR;33.5099983215332;126.5
CKG;Chongqing;CN;29.559999465942383;106.55000305175781
CLE;Cleveland;US;41.5;-81.69999694824219
CLL;College Station;US;30.59000015258789;-96.36000061035156
CLO;Cali;CO;3.4200000762939453;-76.5199966430664
CLY;Calvi;FR;42.529998779296875;8.789999961853027
CMF;Chambery;FR;45.560001373291016;5.880000114440918
CMH;Columbus;US;39.959999084472656;-83.0
CMI;Champaign/Urbana;US;40.119998931884766;-88.27999877929688
CMW;Camaguey;CU;21.420000076293945;-77.91000366210938
CNJ;Cloncurry;AU;-20.670000076293945;140.5
CNS;Cairns;AU;-16.8799991607666;145.75
CNX;Chiang Mai;TH;18.770000457763672;98.97000122070312
COK;Kochi;IN;9.9399995803833;76.2699966430664
COR;Cordoba;AR;-31.399999618530273;-64.19999694824219
COS;Colorado Springs;US;38.810001373291016;-104.81999969482422
COU;Columbia;US;38.95000076293945;-92.33000183105469
CPH;Copenhagen;DK;55.68000030517578;12.569999694824219
CPO;Copiapo;CL;-27.3700008392334;-70.33000183105469
CRD;Comodoro Rivadavia;AR;-31.450000762939453;-64.5199966430664
CRK;Angeles/Mabalacat;PH;15.1899995803833;120.55999755859375
CRP;Corpus Christi;US;27.770000457763672;-97.4000015258789
CRW;Charleston;US;38.369998931884766;-81.58999633789062
CSX;Changsha;CN;28.190000534057617;112.94000244140625
CTA;Catania;IT;37.5099983215332;15.100000381469727
CTG;Cartagena;CO;10.449999809265137;-75.51000213623047
CTL;Charleville;AU;-26.40999984741211;146.25999450683594
CTU;Chengdu;CN;30.56999969482422;104.06999969482422
CUC;Cucuta;CO;7.929999828338623;-72.51000213623047
CUE;Cuenca;EC;-2.869999885559082;-78.9800033569336
CUN;Cancun;MX;21.15999984741211;-86.87000274658203
CUR;Curacao;CW;12.1899995803833;-68.95999908447266
CUU;Chihuahua;MX;28.649999618530273;-106.08999633789062
CUZ;Cusco;PE;-13.529999732971191;-71.95999908447266
CVG;Cincinnati;US;39.099998474121094;-84.51000213623047
CWB;Curitiba;BR;-25.43000030517578;-49.27000045776367
CWL;Cardiff;GB;51.47999954223633;-3.180000066757202
CZM;Cozumel;MX;20.420000076293945;-86.93000030517578
DAB;Daytona Beach;US;29.18000030517578;-81.05000305175781
DAC;Dhaka;BD;23.709999084472656;90.38999938964844
DAD;Da Nang;VN;16.040000915527344;108.19999694824219
DAR;Dar Es Salaam;TZ;-6.820000171661377;39.27000045776367
DAY;Dayton;US;39.7599983215332;-84.19000244140625
DBO;Dubbo;AU;-32.220001220703125;148.5800018310547
DBQ;Dubuque;US;42.5;-90.66000366210938
DBV;Dubrovnik;HR;42.650001525878906;18.09000015258789
DEL;Delhi;IN;28.639999389648438;77.22000122070312
DEN;Denver;US;39.7400016784668;-104.9800033569336
DKR;Dakar;SN;14.739999771118164;-17.3700008392334
DLC;Dalian;CN;38.90999984741211;121.61000061035156
DLM;Dalaman;TR;36.720001220703125;28.780000686645508
DMB;Taraz;KZ;42.900001525878906;71.37000274658203
DMM;Dammam;SA;26.389999389648438;49.97999954223633
DPO;Devonport;AU;-41.16999816894531;146.36000061035156
DPS;Denpasar-Bali;ID;-8.65999984741211;115.22000122070312
DRO;Durango;US;37.279998779296875;-107.87999725341797
DRW;Darwin;AU;-12.420000076293945;130.8699951171875
DSM;Des Moines;US;41.599998474121094;-93.61000061035156
DTT;Detroit;US;42.33000183105469;-83.0199966430664
DUB;Dublin;IE;53.349998474121094;-6.25
DUR;Durban;ZA;-29.860000610351562;31.030000686645508
DXB;Dubai;AE;25.25;55.36000061035156
DYU;Dushanbe;TJ;38.540000915527344;68.81999969482422
EAP;Basel/Mulhouse;CH;47.59000015258789;7.53000020980835
EAS;San Sebastian;ES;43.36000061035156;-1.9800000190734863
EBB;Entebbe;UG;0.03999999910593033;32.439998626708984
EBL;Erbil;IQ;36.189998626708984;43.970001220703125
EDI;Edinburgh;GB;55.95000076293945;-3.2100000381469727
EGC;Bergerac;FR;44.849998474121094;0.47999998927116394
EGE;Vail/Eagle;US;39.63999938964844;-106.37000274658203
ELH;North Eleuthera;BS;25.469999313354492;-76.69000244140625
ELP;El Paso;US;31.799999237060547;-106.5
EMD;Emerald;AU;-23.56999969482422;148.17999267578125
ENF;Enontekio;FI;68.3499984741211;23.420000076293945
ERI;Erie;US;42.130001068115234;-80.08999633789062
EUG;Eugene;US;44.04999923706055;-123.08999633789062
EVN;Yerevan;AM;40.150001525878906;44.52000045776367
EVV;Evansville;US;37.970001220703125;-87.52999877929688
EWN;New Bern;US;35.06999969482422;-77.04000091552734
EYP;Yopal;CO;5.349999904632568;-72.37999725341797
EYW;Key West;US;24.559999465942383;-81.76000213623047
FAO;Faro;PT;37.0099983215332;-7.96999979019165
FAR;Fargo;US;46.91999816894531;-96.80999755859375
FAT;Fresno;US;36.77000045776367;-119.7699966430664
FAY;Fayetteville;US;35.04999923706055;-78.87999725341797
FDF;Fort-de-France;MQ;14.59000015258789;-61.06999969482422
FDH;Friedrichshafen;DE;47.66999816894531;9.510000228881836
FEG;Fergana;UZ;40.349998474121094;71.79000091552734
FKB;Karlsruhe/Baden-Baden;DE;48.779998779296875;8.079999923706055
FLL;Fort Lauderdale;US;26.1200008392334;-80.1500015258789
FLN;Florianopolis;BR;-27.600000381469727;-48.54999923706055
FLO;Florence;US;34.20000076293945;-79.76000213623047
FLR;Florence;IT;43.810001373291016;11.199999809265137
FMM;Memmingen;DE;47.9900016784668;10.180000305175781
FMO;Muenster/Osnabrueck;DE;52.130001068115234;7.679999828338623
FMY;Fort Myers;US;26.639999389648438;-81.87000274658203
FNC;Madeira;PT;32.7599983215332;-16.959999084472656
FNT;Flint;US;43.0099983215332;-83.69000244140625
FOC;Fuzhou;CN;26.100000381469727;119.27999877929688
FOR;Fortaleza;BR;-3.7200000286102295;-38.529998779296875
FPO;Freeport;BS;26.559999465942383;-78.69999694824219
FRU;Bishkek;KG;42.83000183105469;74.56999969482422
FSD;Sioux Falls;US;43.58000183105469;-96.73999786376953
FSM;Fort Smith;US;35.38999938964844;-94.37000274658203
FTE;El Calafate;AR;-50.34000015258789;-72.2699966430664
FUE;Fuerteventura;ES;28.399999618530273;-14.010000228881836
FUK;Fukuoka;JP;33.58000183105469;130.39999389648438
FWA;Fort Wayne;US;41.08000183105469;-85.13999938964844
FYV;Fayetteville/Springdale;US;36.060001373291016;-94.16999816894531
GAJ;Yamagata;JP;38.2599983215332;140.33999633789062
GAN;Gan Island;MV;-0.6800000071525574;73.16999816894531
GAY;Gaya;IN;24.75;84.94999694824219
GCK;Garden City;US;37.93000030517578;-100.87000274658203
GCM;Grand Cayman;KY;19.290000915527344;-81.23999786376953
GCN;Grand Canyon;US;36.04999923706055;-112.1500015258789
GDL;Guadalajara;MX;20.670000076293945;-103.30999755859375
GDN;Gdansk;PL;54.369998931884766;18.649999618530273
GDX;Magadan;RU;59.54999923706055;150.8000030517578
GEG;Spokane;US;47.619998931884766;-117.43000030517578
GET;Geraldton;AU;-28.790000915527344;114.61000061035156
GGG;Longview;US;32.5;-94.72000122070312
GGT;George Town;BS;23.469999313354492;-75.77999877929688
GIB;Gibraltar;GI;36.150001525878906;-5.349999904632568
GJT;Grand Junction;US;39.060001373291016;-108.51000213623047
GLA;Glasgow;GB;55.869998931884766;-4.25
GLT;Gladstone;AU;-23.829999923706055;151.25
GND;Grenada;GD;12.149999618530273;-61.68000030517578
GNV;Gainesville;US;29.690000534057617;-82.31999969482422
GOA;Genoa;IT;44.40999984741211;8.949999809265137
GOI;Goa;IN;15.300000190734863;74.12000274658203
GOJ;Nizhny Novgorod;RU;56.33000183105469;44.0
GOT;Gothenburg;SE;57.66999816894531;11.970000267028809
GPA;Patrai;GR;38.25;21.729999542236328
GPS;Baltra Island;EC;-0.4300000071525574;-90.27999877929688
GPT;Gulfport/Biloxi;US;30.40999984741211;-89.06999969482422
GRB;Green Bay;US;44.4900016784668;-88.0199966430664
GRI;Grand Island;US;40.970001220703125;-98.30999755859375
GRR;Grand Rapids;US;42.959999084472656;-85.66999816894531
GRX;Granada;ES;37.189998626708984;-3.5999999046325684
GRZ;Graz;AT;47.06999969482422;15.4399995803833
GSO;Greensboro/High Point;US;36.09000015258789;-79.94000244140625
GSP;Greenville/Spartanburg;US;34.849998474121094;-82.37999725341797
GUA;Guatemala City;GT;14.579999923706055;-90.52999877929688
GUC;Gunnison;US;38.529998779296875;-106.94000244140625
GUM;Guam;GU;13.479999542236328;144.7899932861328
GVA;Geneva;CH;46.2400016784668;6.110000133514404
GWT;Westerland;DE;54.91999816894531;8.34000015258789
GYE;Guayaquil;EC;-2.1500000953674316;-79.87999725341797
GYN;Goiania;BR;-16.690000534057617;-49.2599983215332
GZP;Gazipasa;TR;36.279998779296875;32.33000183105469
HAJ;Hannover;DE;52.380001068115234;9.729999542236328
HAK;Haikou;CN;20.030000686645508;110.3499984741211
HAM;Hamburg;DE;53.54999923706055;9.989999771118164
HAN;Hanoi;VN;21.040000915527344;105.88999938964844
HAR;Harrisburg;US;40.27000045776367;-76.8499984741211
HAV;Havana;CU;23.1200008392334;-82.41000366210938
HBA;Hobart;AU;-42.880001068115234;147.32000732421875
HDN;Hayden;US;40.47999954223633;-107.22000122070312
HER;Irakleion;GR;35.20000076293945;25.06999969482422
HFD;Hartford;US;41.72999954223633;-72.6500015258789
HGH;Hangzhou;CN;30.270000457763672;120.16000366210938
HHH;Hilton Head Island;US;32.220001220703125;-80.75
HID;Horn Island;AU;-10.579999923706055;142.27999877929688
HIJ;Hiroshima;JP;34.36000061035156;132.4199981689453
HKD;Hakodate;JP;41.77000045776367;140.72999572753906
HKT;Phuket;TH;7.980000019073486;98.36000061035156
HMO;Hermosillo;MX;29.100000381469727;-110.94999694824219
HNA;Hanamaki;JP;39.38999938964844;141.1199951171875
HNL;Honolulu;US;21.329999923706055;-157.86000061035156
HOG;Holguin;CU;20.889999389648438;-76.26000213623047
HOU;Houston;US;29.760000228881836;-95.37000274658203
HPN;White Plains;US;41.119998931884766;-73.79000091552734
HRE;Harare;ZW;-17.829999923706055;31.049999237060547
HRG;Hurghada;EG;27.260000228881836;33.810001373291016
HSV;Huntsville;US;34.72999954223633;-86.58999633789062
HTA;Chita;RU;52.029998779296875;113.5
HTI;Hamilton Island;AU;-20.350000381469727;148.97000122070312
HTS;Huntington/Ashland KY;US;38.41999816894531;-82.44999694824219
HVB;Hervey Bay;AU;-25.290000915527344;152.8300018310547
HVN;New Haven;US;41.27000045776367;-72.88999938964844
HYD;Hyderabad;IN;17.389999389648438;78.48999786376953
IAR;Yaroslavl;RU;57.619998931884766;39.880001068115234
IBZ;Ibiza;ES;38.869998931884766;1.4299999475479126
ICT;Wichita;US;37.650001525878906;-97.33999633789062
IEV;Kiev;UA;50.45000076293945;30.520000457763672
IFP;Bullhead City;US;35.18000030517578;-114.58000183105469
IGR;Iguazu;AR;-25.850000381469727;-54.349998474121094
IGU;Foz do Iguacu;BR;-25.549999237060547;-54.59000015258789
IKT;Irkutsk;RU;52.27000045776367;104.30000305175781
ILD;Lleida;ES;41.619998931884766;0.6499999761581421
ILE;Killeen/Fort Hood;US;31.09000015258789;-97.69000244140625
ILM;Wilmington;US;34.27000045776367;-77.9000015258789
IMP;Imperatriz;BR;-5.53000020980835;-47.47999954223633
IND;Indianapolis;US;39.72999954223633;-86.16000366210938
INN;Innsbruck;AT;47.2599983215332;11.399999618530273
INT;Winston-Salem;US;36.13999938964844;-80.2300033569336
INV;Inverness;GB;57.47999954223633;-4.21999979019165
IOM;Isle Of Man;IM;54.2400016784668;-4.550000190734863
IOS;Ilheus;BR;-14.8100004196167;-39.029998779296875
IPC;Easter Island;CL;-27.1200008392334;-109.37000274658203
IPT;Williamsport;US;41.2400016784668;-77.0
IQQ;Iquique;CL;-20.219999313354492;-70.1500015258789
IQT;Iquitos;PE;-3.75;-73.25
ISA;Mount Isa;AU;-20.719999313354492;139.47999572753906
ISB;Islamabad;PK;33.720001220703125;73.05999755859375
ISG;Ishigaki;JP;24.34000015258789;124.16000366210938
ISP;Islip;US;40.72999954223633;-73.20999908447266
IST;Istanbul;TR;40.97999954223633;28.979999542236328
ISU;Sulaymaniyah;IQ;35.560001373291016;45.43000030517578
ITH;Ithaca;US;42.439998626708984;-76.5
IVL;Ivalo;FI;68.66000366210938;27.540000915527344
IXM;Madurai;IN;9.930000305175781;78.08999633789062
IZO;Izumo;JP;35.40999984741211;132.75
JAC;Jackson;US;43.47999954223633;-110.73999786376953
JAE;Jaen;PE;-5.590000152587891;-78.7699966430664
JAN;Jackson;US;32.310001373291016;-90.18000030517578
JAU;Jauja;PE;-11.069999694824219;-75.5
JAX;Jacksonville;US;30.329999923706055;-81.69000244140625
JED;Jeddah;SA;21.540000915527344;39.150001525878906
JER;Jersey;JE;49.209999084472656;-2.130000114440918
JHB;Johor Bahru;MY;1.4600000381469727;103.75
JIB;Djibouti;DJ;11.550000190734863;43.15999984741211
JJG;Jaguaruna;BR;-28.68000030517578;-49.060001373291016
JKT;Jakarta;ID;-6.210000038146973;106.8499984741211
JLN;Joplin;US;37.08000183105469;-94.5
JMK;Mykonos;GR;37.439998626708984;25.34000015258789
JOE;Joensuu;FI;62.599998474121094;29.760000228881836
JOI;Joinville;BR;-26.309999465942383;-48.849998474121094
JOK;Yoshkar-Ola;RU;56.63999938964844;47.900001525878906
JPA;Joao Pessoa;BR;-7.150000095367432;-34.86000061035156
JRO;Kilimanjaro;TZ;-3.069999933242798;37.349998474121094
JSI;Skiathos;GR;39.18000030517578;23.440000534057617
JTC;Bauru;BR;-22.309999465942383;-49.06999969482422
JTR;Thira;GR;36.400001525878906;25.479999542236328
JUL;Juliaca;PE;-15.460000038146973;-70.1500015258789
JYV;Jyvaskyla;FI;62.2400016784668;25.75
KAJ;Kajaani;FI;64.27999877929688;27.690000534057617
KAO;Kuusamo;FI;65.98999786376953;29.229999542236328
KBR;Kota Bharu;MY;6.170000076293945;102.29000091552734
KBV;Krabi;TH;8.09000015258789;98.91000366210938
KCH;Kuching;MY;1.4800000190734863;110.33999633789062
KCZ;Kochi;JP;33.540000915527344;133.52999877929688
KEJ;Kemerovo;RU;55.33000183105469;86.08000183105469
KEM;Kemi/Tornio;FI;65.77999877929688;24.59000015258789
KGC;Kingscote;AU;-35.65999984741211;137.63999938964844
KGD;Kaliningrad;RU;54.720001220703125;20.5
KGF;Karaganda;KZ;49.83000183105469;73.16999816894531
KGI;Kalgoorlie-Boulder;AU;-30.770000457763672;121.47000122070312
KGL;Kigali;RW;-1.9700000286102295;30.059999465942383
KGS;Kos;GR;36.790000915527344;27.100000381469727
KHH;Kaohsiung;TW;23.010000228881836;120.66999816894531
KHI;Karachi;PK;24.90999984741211;67.02999877929688
KHV;Khabarovsk;RU;48.52000045776367;135.10000610351562
KIJ;Niigata;JP;37.95000076293945;139.0399932861328
KIN;Kingston;JM;17.950000762939453;-76.79000091552734
KIV;Chisinau;MD;47.029998779296875;28.84000015258789
KJA;Krasnoyarsk;RU;56.02000045776367;92.91999816894531
KKJ;Kitakyushu;JP;33.880001068115234;130.8800048828125
KKX;Kikai;JP;28.31999969482422;129.94000244140625
KLF;Kaluga;RU;54.5;36.27000045776367
KLX;Kalamata;GR;37.06999969482422;22.110000610351562
KMG;Kunming;CN;24.8799991607666;102.83000183105469
KMI;Miyazaki;JP;31.8700008392334;131.44000244140625
KMJ;Kumamoto;JP;32.83000183105469;130.7100067138672
KMQ;Komatsu;JP;36.38999938964844;136.4199981689453
KOA;Kona;US;19.639999389648438;-156.0
KOJ;Kagoshima;JP;31.600000381469727;130.55999755859375
KOK;Kokkola/Pietarsaari;FI;63.720001220703125;23.149999618530273
KOV;Kokshetau;KZ;53.31999969482422;69.4000015258789
KRK;Krakow;PL;50.08000183105469;19.940000534057617
KRR;Krasnodar;RU;45.06999969482422;38.91999816894531
KRT;Khartoum;SD;15.600000381469727;32.560001373291016
KTA;Karratha;AU;-20.709999084472656;116.8499984741211
KTD;Kitadaito;JP;25.950000762939453;131.3000030517578
KTM;Kathmandu;NP;27.700000762939453;85.36000061035156
KTT;Kittila;FI;67.66999816894531;24.899999618530273
KUA;Kuantan;MY;3.819999933242798;103.31999969482422
KUF;Samara;RU;53.22999954223633;50.150001525878906
KUH;Kushiro;JP;42.97999954223633;144.3800048828125
KUM;Yakushima;JP;30.329999923706055;130.6300048828125
KUO;Kuopio;FI;62.88999938964844;27.68000030517578
KUT;Kutaisi;GE;42.25;42.70000076293945
KWI;Kuwait;KW;29.3700008392334;47.97999954223633
KWL;Guilin;CN;25.270000457763672;110.31999969482422
KZN;Kazan;RU;55.779998779296875;49.11000061035156
LAD;Luanda;AO;-8.850000381469727;13.239999771118164
LAN;Lansing;US;42.72999954223633;-84.58999633789062
LAS;Las Vegas;US;36.08000183105469;-115.1500015258789
LAW;Lawton/Fort Sill;US;34.56999969482422;-98.41999816894531
LBA;Leeds/Bradford;GB;53.83000183105469;-1.5800000429153442
LBB;Lubbock;US;33.58000183105469;-101.81999969482422
LBD;Khujand;TJ;40.279998779296875;69.62999725341797
LBU;Labuan;MY;5.300000190734863;115.25
LCA;Larnaca;CY;34.880001068115234;33.630001068115234
LCG;A Coruna;ES;43.369998931884766;-8.4399995803833
LCH;Lake Charles;US;30.229999542236328;-93.2300033569336
LDB;Londrina;BR;-23.329999923706055;-51.130001068115234
LDH;Lord Howe Island;AU;-31.540000915527344;159.0800018310547
LEA;Exmouth/Learmonth;AU;-22.239999771118164;114.08000183105469
LED;St Petersburg;RU;59.93000030517578;30.299999237060547
LEI;Almeria;ES;36.84000015258789;-2.4600000381469727
LEJ;Leipzig/Halle;DE;51.41999816894531;12.229999542236328
LEN;Leon;ES;42.58000183105469;-5.570000171661377
LET;Leticia;CO;-4.199999809265137;-69.94000244140625
LEX;Lexington;US;38.040000915527344;-84.5
LFT;Lafayette;US;30.200000762939453;-91.98999786376953
LGB;Long Beach;US;33.77000045776367;-118.19000244140625
LGK;Langkawi;MY;6.329999923706055;99.8499984741211
LHE;Lahore;PK;31.520000457763672;74.33999633789062
LIG;Limoges;FR;45.86000061035156;1.2599999904632568
LIH;Lihue;US;22.100000381469727;-159.52999877929688
LIR;Liberia;CR;10.050000190734863;-85.44000244140625
LIS;Lisbon;PT;38.72999954223633;-9.130000114440918
LIT;Little Rock;US;34.72999954223633;-92.29000091552734
LJU;Ljubljana;SI;46.060001373291016;14.510000228881836
LOS;Lagos;NG;6.440000057220459;3.4200000762939453
LPA;Gran Canaria;ES;27.920000076293945;-15.550000190734863
LPB;La Paz;BO;-16.510000228881836;-68.1500015258789
LPK;Lipetsk;RU;52.619998931884766;39.599998474121094
LRD;Laredo;US;27.540000915527344;-99.51000213623047
LRE;Longreach;AU;-23.440000534057617;144.27999877929688
LSC;La Serena;CL;-29.90999984741211;-71.25
LSE;La Crosse;US;43.79999923706055;-91.26000213623047
LST;Launceston;AU;-41.43000030517578;147.11000061035156
LUL;Hattiesburg/Laurel;US;31.670000076293945;-89.16999816894531
LUX;Luxembourg;LU;49.630001068115234;6.130000114440918
LVI;Livingstone;ZM;-17.81999969482422;25.81999969482422
LYH;Lynchburg;US;37.40999984741211;-79.13999938964844
LYP;Faisalabad;PK;31.420000076293945;73.08000183105469
LYS;Lyon;FR;45.72999954223633;4.840000152587891
MAA;Chennai;IN;13.050000190734863;80.25
MAB;Maraba;BR;-5.369999885559082;-49.16999816894531
MAF;Midland;US;32.0;-102.08000183105469
MAH;Menorca;ES;39.95000076293945;4.110000133514404
MAO;Manaus;BR;-3.119999885559082;-60.02000045776367
MAR;Maracaibo;VE;10.649999618530273;-71.63999938964844
MBJ;Montego Bay;JM;18.5;-77.91000366210938
MCP;Macapa;BR;0.05000000074505806;-51.06999969482422
MCT;Muscat;OM;23.59000015258789;58.540000915527344
MCY;Sunshine Coast;AU;-26.65999984741211;153.08999633789062
MCZ;Maceio;BR;-9.670000076293945;-35.7400016784668
MDE;Medellin;CO;6.21999979019165;-75.58999633789062
MDZ;Mendoza;AR;-32.88999938964844;-68.83999633789062
MED;Madinah;SA;24.459999084472656;39.619998931884766
MEI;Meridian;US;32.34000015258789;-88.69999694824219
MEM;Memphis;US;35.150001525878906;-90.05000305175781
MES;Medan;ID;3.559999942779541;98.66999816894531
MEX;Mexico City;MX;19.420000076293945;-99.16999816894531
MFE;McAllen/Mission;US;26.18000030517578;-98.23999786376953
MFR;Medford;US;42.33000183105469;-122.87000274658203
MGA;Managua;NI;12.140000343322754;-86.25
MGM;Montgomery;US;32.369998931884766;-86.30000305175781
MHD;Mashhad;IR;36.29999923706055;59.63999938964844
MHH;Marsh Harbour;BS;26.510000228881836;-77.08000183105469
MHK;Manhattan;US;39.13999938964844;-96.56999969482422
MHQ;Mariehamn;AX;60.119998931884766;19.899999618530273
MHT;Manchester;US;43.0;-71.44000244140625
MID;Merida;MX;20.93000030517578;-89.6500015258789
MIL;Milan;IT;45.470001220703125;9.199999809265137
MJV;Murcia;ES;38.04999923706055;-1.0800000429153442
MJZ;Mirny;RU;62.529998779296875;113.9800033569336
MKC;Kansas City;US;39.119998931884766;-94.58999633789062
MKE;Milwaukee;US;43.040000915527344;-87.9000015258789
MKY;Mackay;AU;-21.170000076293945;149.17999267578125
MLA;Malta;MT;35.939998626708984;14.380000114440918
MLB;Melbourne;US;28.100000381469727;-80.62999725341797
MLE;Male;MV;4.199999809265137;73.5199966430664
MLI;Moline;US;41.5099983215332;-90.5
MLM;Morelia;MX;19.709999084472656;-101.19000244140625
MLN;Melilla;ES;35.279998779296875;-2.9600000381469727
MLU;Monroe;US;32.5099983215332;-92.12000274658203
MMB;Memanbetsu;JP;43.900001525878906;144.1699981689453
MMD;Minamidaito;JP;25.84000015258789;131.25
MMK;Murmansk;RU;68.97000122070312;33.08000183105469
MMY;Miyako;JP;24.780000686645508;125.30000305175781
MNL;Manila;PH;14.600000381469727;121.0199966430664
MOB;Mobile;US;30.690000534057617;-88.04000091552734
MOV;Moranbah;AU;-22.0;148.0500030517578
MPL;Montpellier;FR;43.58000183105469;3.880000114440918
MPM;Maputo;MZ;-25.920000076293945;32.56999969482422
MPN;Mount Pleasant;FK;-51.81999969482422;-58.45000076293945
MQL;Mildura;AU;-34.22999954223633;142.13999938964844
MQT;Marquette;US;46.529998779296875;-87.4000015258789
MRS;Marseille;FR;43.29999923706055;5.369999885559082
MRU;Mauritius;MU;-20.350000381469727;57.54999923706055
MRV;Mineralnye Vody;RU;44.220001220703125;43.099998474121094
MRY;Monterey/Carmel;US;36.59000015258789;-121.88999938964844
MRZ;Moree;AU;-29.5;149.85000610351562
MSJ;Misawa;JP;40.70000076293945;141.3699951171875
MSN;Madison;US;43.08000183105469;-89.37000274658203
MSP;Mpls/St. Paul;US;44.97999954223633;-93.2699966430664
MSY;New Orleans;US;29.989999771118164;-90.06999969482422
MTJ;Montrose;US;38.5;-107.88999938964844
MTR;Monteria;CO;8.75;-75.87999725341797
MTY;Monterrey;MX;25.670000076293945;-100.30999755859375
MUC;Munich;DE;48.13999938964844;11.579999923706055
MUX;Multan;PK;30.200000762939453;71.41999816894531
MVD;Montevideo;UY;-34.880001068115234;-56.18000030517578
MYJ;Matsuyama;JP;33.81999969482422;132.77000427246094
MYR;Myrtle Beach;US;33.68000030517578;-78.93000030517578
MYY;Miri;MY;4.329999923706055;114.0
MZT;Mazatlan;MX;23.239999771118164;-106.41999816894531
NAG;Nagpur;IN;21.149999618530273;79.05000305175781
NAP;Naples;IT;40.880001068115234;14.279999732971191
NAS;Nassau;BS;25.040000915527344;-77.33999633789062
NAT;Natal;BR;-5.789999961853027;-35.2400016784668
NBC;Nizhnekamsk;RU;55.630001068115234;51.81999969482422
NBO;Nairobi;KE;-1.3200000524520874;36.81999969482422
NCE;Nice;FR;43.65999984741211;7.21999979019165
NCL;Newcastle;GB;54.97999954223633;-1.6200000047683716
NER;Neryungri;RU;56.650001525878906;124.70999908447266
NGB;Ningbo;CN;29.8700008392334;121.5199966430664
NGS;Nagasaki;JP;32.75;129.9199981689453
NJC;Nizhnevartovsk;RU;60.95000076293945;76.58000183105469
NJF;Al Najaf;IQ;31.989999771118164;44.33000183105469
NKG;Nanjing;CN;32.060001373291016;118.80999755859375
NOJ;Noyabrsk;RU;63.18000030517578;75.44999694824219
NOU;Noumea;NC;-22.280000686645508;166.4600067138672
NOZ;Novokuznetsk;RU;53.75;87.12000274658203
NQN;Neuquen;AR;-38.95000076293945;-68.05999755859375
NSK;Norilsk;RU;69.31999969482422;88.22000122070312
NTE;Nantes;FR;47.220001220703125;-1.5499999523162842
NTL;Newcastle;AU;-32.93000030517578;151.77999877929688
NUE;Nuremberg;DE;49.45000076293945;11.079999923706055
NUX;Novyj Urengoj;RU;66.08000183105469;76.62999725341797
NVT;Navegantes;BR;-26.8700008392334;-48.630001068115234
NYM;Nadym;RU;65.61000061035156;72.72000122070312
OAJ;Jacksonville;US;34.75;-77.43000030517578
OAK;Oakland;US;37.79999923706055;-122.2699966430664
OBO;Obihiro;JP;42.88999938964844;143.16000366210938
OFI;Ouango Fitini;CI;9.600000381469727;-4.03000020980835
OGG;Kahului;US;20.899999618530273;-156.42999267578125
OGN;Yonaguni;JP;24.459999084472656;122.9800033569336
OGZ;Vladikavkaz;RU;43.08000183105469;44.650001525878906
OHH;Okha;RU;53.52000045776367;142.8800048828125
OHS;Sohar;OM;24.389999389648438;56.630001068115234
OIR;Okushiri;JP;42.16999816894531;139.52000427246094
OIT;Oita;JP;33.2400016784668;131.61000061035156
OKA;Okinawa;JP;26.200000762939453;127.6500015258789
OKC;Oklahoma City;US;35.470001220703125;-97.5199966430664
OKE;Okierabu;JP;27.3700008392334;128.6199951171875
OKI;Oki;JP;36.16999816894531;133.32000732421875
OKJ;Okayama;JP;34.65999984741211;133.94000244140625
OLB;Olbia;IT;40.91999816894531;9.5
OMA;Omaha;US;41.25;-96.0
OMS;Omsk;RU;54.970001220703125;73.37999725341797
ONT;Ontario;US;34.060001373291016;-117.61000061035156
OOL;Gold Coast;AU;-28.020000457763672;153.42999267578125
OPO;Porto;PT;41.16999816894531;-8.670000076293945
ORF;Norfolk;US;36.849998474121094;-76.29000091552734
ORK;Cork;IE;51.900001525878906;-8.489999771118164
ORL;Orlando;US;28.540000915527344;-81.37999725341797
ORN;Oran;DZ;35.70000076293945;-0.6100000143051147
OSL;Oslo;NO;59.90999984741211;10.75
OSS;Osh;KG;40.52000045776367;72.81999969482422
OUL;Oulu;FI;65.01000213623047;25.469999313354492
OVB;Novosibirsk;RU;55.02000045776367;82.93000030517578
OVD;Asturias;ES;43.38999938964844;-5.800000190734863
PAD;Paderborn/Lippstadt;DE;51.61000061035156;8.619999885559082
PAP;Port-au-Prince;HT;18.559999465942383;-72.33000183105469
PBC;Puebla;MX;19.040000915527344;-98.20999908447266
PBI;West Palm Beach;US;26.68000030517578;-80.08999633789062
PBO;Paraburdoo;AU;-23.170000076293945;117.66999816894531
PCL;Pucallpa;PE;-8.380000114440918;-74.56999969482422
PDL;Ponta Delgada (Azores);PT;37.75;-25.68000030517578
PDP;Punta Del Este;UY;-34.970001220703125;-54.91999816894531
PDV;Plovdiv;BG;42.13999938964844;24.719999313354492
PDX;Portland;US;45.52000045776367;-122.68000030517578
PEE;Perm;RU;58.0;56.25
PEI;Pereira;CO;4.820000171661377;-75.73999786376953
PEM;Puerto Maldonado;PE;-12.579999923706055;-69.2300033569336
PEN;Penang;MY;5.289999961853027;100.4800033569336
PER;Perth;AU;-31.93000030517578;115.86000061035156
PES;Petrozavodsk;RU;61.779998779296875;34.349998474121094
PEW;Peshawar;PK;34.0;71.5
PEZ;Penza;RU;53.220001220703125;45.0
PFO;Paphos;CY;34.77000045776367;32.43000030517578
PGV;Greenville;US;35.630001068115234;-77.38999938964844
PHE;Port Hedland;AU;-20.309999465942383;118.58000183105469
PHF;Newport News/Williamsburg;US;37.09000015258789;-76.47000122070312
PIA;Peoria;US;40.65999984741211;-89.58999633789062
PIT;Pittsburgh;US;40.439998626708984;-80.0
PIU;Piura;PE;-5.199999809265137;-80.61000061035156
PKC;Petropavlovsk;RU;53.02000045776367;158.64999389648438
PLO;Port Lincoln;AU;-34.720001220703125;135.8800048828125
PLS;Providenciales;TC;21.770000457763672;-72.2699966430664
PLZ;Port Elizabeth;ZA;-33.93000030517578;25.56999969482422
PMC;Puerto Montt;CL;-41.43000030517578;-72.94000244140625
PMI;Palma De Mallorca;ES;39.54999923706055;2.7300000190734863
PMO;Palermo;IT;38.119998931884766;13.359999656677246
PMW;Palmas;BR;-10.170000076293945;-48.349998474121094
PNA;Pamplona;ES;42.77000045776367;-1.6399999856948853
PNH;Phnom Penh;KH;11.550000190734863;104.91999816894531
PNS;Pensacola;US;30.420000076293945;-87.19000244140625
PNT;Puerto Natales;CL;-51.68000030517578;-72.5199966430664
POA;Porto Alegre;BR;-29.989999771118164;-51.16999816894531
POM;Port Moresby;PG;-9.449999809265137;147.2100067138672
POP;Puerto Plata;DO;19.799999237060547;-70.66999816894531
POS;Port of Spain;TT;10.069999694824219;-61.52000045776367
PPT;Tahiti;PF;-17.68000030517578;-149.41000366210938
PQQ;Port Macquarie;AU;-31.43000030517578;152.8699951171875
PRG;Prague;CZ;50.099998474121094;14.4399995803833
PSA;Pisa;IT;43.68000030517578;10.390000343322754
PSP;Palm Springs;US;33.83000183105469;-116.51000213623047
PTP;Pointe A Pitre;GP;16.270000457763672;-61.529998779296875
PTY;Panama City;PA;8.989999771118164;-79.5199966430664
PUJ;Punta Cana;DO;18.56999969482422;-68.37999725341797
PUQ;Punta Arenas;CL;-53.130001068115234;-70.87999725341797
PUS;Busan;KR;35.16999816894531;129.0800018310547
PUY;Pula;HR;44.88999938964844;13.850000381469727
PVD;Providence;US;41.81999969482422;-71.43000030517578
PVH;Porto Velho;BR;-8.729999542236328;-63.900001525878906
PVK;Preveza/Lefkada;GR;38.93000030517578;20.770000457763672
PVR;Puerto Vallarta;MX;20.6200008392334;-105.2699966430664
PWM;Portland;US;43.63999938964844;-70.26000213623047
PWQ;Pavlodar;KZ;52.29999923706055;76.94999694824219
QRO;Queretaro;MX;20.600000381469727;-100.37999725341797
RAK;Marrakech;MA;31.610000610351562;-8.039999961853027
RAO;Ribeirao Preto;BR;-21.139999389648438;-47.77000045776367
RAP;Rapid City;US;44.040000915527344;-103.2300033569336
RBR;Rio Branco;BR;-9.970000267028809;-67.80000305175781
RDM;Redmond/Bend;US;44.27000045776367;-121.18000030517578
RDU;Raleigh/Durham;US;35.880001068115234;-78.77999877929688
REC;Recife;BR;-8.050000190734863;-34.91999816894531
REK;Reykjavik;IS;64.12999725341797;-21.940000534057617
REP;Siem Reap;KH;13.329999923706055;103.81999969482422
RGK;Gorno-Altaysk;RU;51.970001220703125;85.94999694824219
RGL;Rio Gallegos;AR;-51.619998931884766;-69.22000122070312
RGN;Yangon;MM;16.799999237060547;96.13999938964844
RHO;Rhodes;GR;36.15999984741211;27.969999313354492
RIC;Richmond;US;37.5099983215332;-77.44000244140625
RIS;Rishiri;JP;45.18000030517578;141.25
RIX;Riga;LV;56.91999816894531;24.110000610351562
RJL;Logrono;ES;42.459999084472656;-2.440000057220459
RMA;Roma;AU;-26.549999237060547;148.77000427246094
RMF;Marsa Alam;EG;25.06999969482422;34.900001525878906
RMI;Rimini;IT;44.02000045776367;12.609999656677246
RMQ;Taichung;TW;24.229999542236328;120.94000244140625
RNJ;Yoron;JP;27.030000686645508;128.42999267578125
RNO;Reno;US;39.5;-119.80999755859375
RNS;Rennes;FR;48.11000061035156;-1.6799999475479126
ROA;Roanoke;US;37.27000045776367;-79.9800033569336
ROC;Rochester;US;43.119998931884766;-77.61000061035156
ROK;Rockhampton;AU;-23.3799991607666;150.47999572753906
ROM;Rome;IT;41.88999938964844;12.479999542236328
ROS;Rosario;AR;-32.93000030517578;-60.66999816894531
ROV;Rostov;RU;47.25;39.75
ROW;Roswell;US;33.38999938964844;-104.52999877929688
RST;Rochester;US;44.02000045776367;-92.5
RTB;Roatan;HN;16.3799991607666;-86.4000015258789
RTM;Rotterdam;NL;51.959999084472656;4.440000057220459
RUH;Riyadh;SA;24.709999084472656;46.70000076293945
RVN;Rovaniemi;FI;66.5;25.729999542236328
SAC;Sacramento;US;38.58000183105469;-121.48999786376953
SAF;Santa Fe;US;35.689998626708984;-105.94000244140625
SAL;San Salvador;SV;13.6899995803833;-89.19999694824219
SAN;San Diego;US;32.72999954223633;-117.19000244140625
SAP;San Pedro Sula;HN;15.5;-88.02999877929688
SAT;San Antonio;US;29.420000076293945;-98.47000122070312
SAV;Savannah;US;32.08000183105469;-81.0999984741211
SBA;Santa Barbara;US;34.43000030517578;-119.69999694824219
SBP;San Luis Obispo;US;35.2400016784668;-120.63999938964844
SBW;Sibu;MY;2.3399999141693115;111.83999633789062
SBY;Salisbury/Ocean City;US;38.34000015258789;-75.51000213623047
SCE;State College;US;40.77000045776367;-77.87999725341797
SCN;Saarbruecken;DE;49.22999954223633;6.980000019073486
SCQ;Santiago De Compostela;ES;42.900001525878906;-8.539999961853027
SCY;San Cristobal Island;EC;-0.8299999833106995;-89.43000030517578
SDF;Louisville;US;38.25;-85.73999786376953
SDJ;Sendai;JP;38.27000045776367;140.8699951171875
SDK;Sandakan;MY;5.849999904632568;118.05999755859375
SDQ;Santo Domingo;DO;18.5;-69.9800033569336
SDR;Santander;ES;43.43000030517578;-3.8299999237060547
SEA;Seattle;US;47.61000061035156;-122.33000183105469
SEL;Seoul;KR;37.54999923706055;126.9800033569336
SEZ;Mahe Island;SC;-4.670000076293945;55.52000045776367
SGC;Surgut;RU;61.22999954223633;73.4000015258789
SGF;Springfield;US;37.2400016784668;-93.29000091552734
SGN;Ho Chi Minh City;VN;10.819999694824219;106.66000366210938
SGU;St George;US;37.09000015258789;-113.58999633789062
SHA;Shanghai;CN;31.200000762939453;121.47000122070312
SHM;Shirahama;JP;33.65999984741211;135.36000061035156
SHV;Shreveport;US;32.529998779296875;-93.75
SIA;Xi'an;CN;34.34000015258789;108.94000244140625
SIP;Simferopol;UA;44.95000076293945;34.099998474121094
SJC;San Jose;US;37.36000061035156;-121.93000030517578
SJD;San Jose del Cabo;MX;22.90999984741211;-109.93000030517578
SJJ;Sarajevo;BA;43.81999969482422;18.40999984741211
SJO;San Jose;CR;9.949999809265137;-84.08000183105469
SJP;Sao Jose do Rio Prieto;BR;-20.81999969482422;-49.41999816894531
SJT;San Angelo;US;31.459999084472656;-100.44000244140625
SJU;San Juan;PR;18.469999313354492;-66.11000061035156
SKB;St Kitts;KN;17.309999465942383;-62.720001220703125
SKG;Thessaloniki;GR;40.63999938964844;22.969999313354492
SKP;Skopje;MK;41.970001220703125;21.43000030517578
SKT;Sialkot;PK;32.529998779296875;74.5
SLA;Salta;AR;-24.780000686645508;-65.41000366210938
SLC;Salt Lake City;US;40.779998779296875;-111.88999938964844
SLL;Salalah;OM;17.040000915527344;54.099998474121094
SLP;San Luis Potosi;MX;22.18000030517578;-100.98999786376953
SLU;St Lucia;LC;13.90999984741211;-60.9900016784668
SLY;Salekhard;RU;66.58000183105469;66.5999984741211
SLZ;Sao Luis;BR;-2.5299999713897705;-44.310001373291016
SMI;Samos;GR;37.7400016784668;26.81999969482422
SMR;Santa Marta;CO;11.239999771118164;-74.2300033569336
SNA;Santa Ana;US;33.75;-117.87000274658203
SNN;Shannon;IE;52.70000076293945;-8.920000076293945
SNU;Santa Clara;CU;22.40999984741211;-79.97000122070312
SOF;Sofia;BG;42.70000076293945;23.31999969482422
SPC;Santa Cruz De La Palma;ES;28.68000030517578;-17.760000228881836
SPI;Springfield;US;39.779998779296875;-89.68000030517578
SPK;Sapporo;JP;43.060001373291016;141.35000610351562
SPS;Wichita Falls;US;33.90999984741211;-98.48999786376953
SPU;Split;HR;43.52000045776367;16.440000534057617
SRQ;Sarasota/Bradenton;US;27.34000015258789;-82.55000305175781
SRZ;Santa Cruz;BO;-17.8700008392334;-63.0
SSA;Salvador;BR;-12.970000267028809;-38.5099983215332
SSG;Malabo;GQ;3.75;8.779999732971191
STI;Santiago;DO;19.469999313354492;-70.69999694824219
STL;St Louis;US;38.630001068115234;-90.19999694824219
STM;Santarem;BR;-2.430000066757202;-54.70000076293945
STR;Stuttgart;DE;48.779998779296875;9.210000038146973
STS;Santa Rosa;US;38.439998626708984;-122.70999908447266
STT;St Thomas Island;VI;18.34000015258789;-64.88999938964844
STW;Stavropol;RU;45.04999923706055;42.0099983215332
STX;St Croix Island;VI;17.700000762939453;-64.80000305175781
SUB;Surabaya;ID;-7.289999961853027;112.72000122070312
SUF;Lamezia Terme;IT;38.959999084472656;16.309999465942383
SUX;Sioux City;US;42.5;-96.37999725341797
SVG;Stavanger;NO;58.970001220703125;5.730000019073486
SVQ;Sevilla;ES;37.40999984741211;-5.980000019073486
SVX;Yekaterinburg;RU;56.83000183105469;60.599998474121094
SWO;Stillwater;US;36.15999984741211;-97.08999633789062
SXB;Strasbourg;FR;48.58000183105469;7.75
SXM;St Maarten;SX;18.040000915527344;-63.04999923706055
SYR;Syracuse;US;43.04999923706055;-76.1500015258789
SYX;Sanya;CN;18.25;109.51000213623047
SYZ;Shiraz;IR;29.6200008392334;52.529998779296875
SZG;Salzburg;AT;47.790000915527344;13.010000228881836
TAB;Tobago;TT;11.229999542236328;-60.650001525878906
TAK;Takamatsu;JP;34.34000015258789;134.07000732421875
TAO;Qingdao;CN;36.099998474121094;120.37999725341797
TAS;Tashkent;UZ;41.25;69.22000122070312
TAY;Tartu;EE;58.33000183105469;26.729999542236328
TBP;Tumbes;PE;-3.569999933242798;-80.41999816894531
TBS;Tbilisi;GE;41.66999816894531;44.790000915527344
TCI;Tenerife;ES;28.290000915527344;-16.6299991607666
TCQ;Tacna;PE;-18.059999465942383;-70.27999877929688
TGG;Kuala Terengganu;MY;5.309999942779541;103.11000061035156
TGU;Tegucigalpa;HN;14.0600004196167;-87.22000122070312
THE;Teresina;BR;-5.070000171661377;-42.81999969482422
THR;Tehran;IR;35.689998626708984;51.41999816894531
TIA;Tirana;AL;41.33000183105469;19.829999923706055
TIV;Tivat;ME;42.400001525878906;18.729999542236328
TJH;Toyooka;JP;35.5099983215332;134.7899932861328
TJM;Tyumen;RU;57.18000030517578;65.4800033569336
TJU;Kulob;TJ;37.90999984741211;69.80999755859375
TKN;Tokunoshima;JP;27.729999542236328;129.02000427246094
TKS;Tokushima;JP;34.06999969482422;134.5500030517578
TKU;Turku;FI;60.45000076293945;22.270000457763672
TLH;Tallahassee;US;30.399999618530273;-84.27999877929688
TLL;Tallinn;EE;59.41999816894531;24.75
TLS;Toulouse;FR;43.630001068115234;1.440000057220459
TLV;Tel Aviv-Yafo;IL;32.06999969482422;34.779998779296875
TMP;Tampere;FI;61.459999084472656;23.739999771118164
TMW;Tamworth;AU;-31.079999923706055;150.92999267578125
TNE;Tanegashima;JP;30.59000015258789;130.9499969482422
TNG;Tangier;MA;35.77000045776367;-5.800000190734863
TOF;Tomsk;RU;56.5;84.97000122070312
TOL;Toledo;US;41.65999984741211;-83.55999755859375
TPA;Tampa;US;27.969999313354492;-82.45999908447266
TPP;Tarapoto;PE;-6.510000228881836;-76.4000015258789
TRA;Tarama;JP;24.649999618530273;124.69999694824219
TRC;Torreon;MX;25.56999969482422;-103.41000366210938
TRI;Bristol/Johnson City/Kingsport;US;36.47999954223633;-82.41000366210938
TRN;Turin;IT;45.06999969482422;7.650000095367432
TRU;Trujillo;PE;-8.09000015258789;-79.02999877929688
TRV;Thiruvananthapuram;IN;8.479999542236328;76.91999816894531
TRZ;Tiruchchirappalli;IN;10.770000457763672;78.70999908447266
TSN;Tianjin;CN;39.119998931884766;117.19999694824219
TSV;Townsville;AU;-19.25;146.82000732421875
TUC;Tucuman;AR;-26.829999923706055;-65.19999694824219
TUL;Tulsa;US;36.150001525878906;-95.98999786376953
TUN;Tunis;TN;36.849998474121094;10.170000076293945
TUS;Tucson;US;32.220001220703125;-110.94999694824219
TVC;Traverse City;US;44.7400016784668;-85.58999633789062
TWB;Toowoomba;AU;-27.540000915527344;151.91000366210938
TWU;Tawau;MY;4.260000228881836;117.87999725341797
TXK;Texarkana;US;33.459999084472656;-94.04000091552734
TYL;Talara;PE;-4.559999942779541;-81.25
TYR;Tyler;US;32.349998474121094;-95.30000305175781
TYS;Knoxville;US;35.959999084472656;-83.91999816894531
UAQ;San Juan;AR;-31.549999237060547;-68.5199966430664
UBJ;Ube;JP;33.93000030517578;131.27000427246094
UDI;Uberlandia;BR;-18.899999618530273;-48.22999954223633
UEO;Kume-jima;JP;26.3700008392334;126.7699966430664
UFA;Ufa;RU;54.72999954223633;55.93000030517578
UGC;Urgench;UZ;41.54999923706055;60.619998931884766
UIO;Quito;EC;-0.2199999988079071;-78.48999786376953
UIP;Quimper;FR;47.970001220703125;-4.099999904632568
UKK;Ust-Kamenogorsk;KZ;49.97999954223633;82.62000274658203
UME;Umea;SE;63.790000915527344;20.280000686645508
URA;Uralsk;KZ;51.22999954223633;51.369998931884766
URC;Urumqi;CN;43.83000183105469;87.62000274658203
USH;Ushuaia;AR;-54.79999923706055;-68.33000183105469
UTP;U-Tapao;TH;12.680000305175781;101.0199966430664
UUD;Ulan-Ude;RU;51.83000183105469;107.5999984741211
UUS;Yuzhno-Sakhalinsk;RU;46.970001220703125;142.75
VAA;Vaasa;FI;63.099998474121094;21.6200008392334
VAR;Varna;BG;43.22999954223633;27.90999984741211
VBY;Visby;SE;57.65999984741211;18.290000915527344
VCE;Venice;IT;45.439998626708984;12.350000381469727
VDA;Ovda;IL;29.93000030517578;34.93000030517578
VFA;Victoria Falls;ZW;-17.93000030517578;25.84000015258789
VGO;Vigo;ES;42.22999954223633;-8.680000305175781
VIE;Vienna;AT;48.209999084472656;16.3700008392334
VIT;Vitoria;ES;21.799999237060547;-50.79999923706055
VIX;Vitoria;BR;-20.31999969482422;-40.290000915527344
VLC;Valencia;ES;39.470001220703125;-0.3799999952316284
VLL;Valladolid;ES;41.650001525878906;-4.71999979019165
VNO;Vilnius;LT;54.689998626708984;25.280000686645508
VNS;Varanasi;IN;25.31999969482422;82.97000122070312
VOG;Volgograd;RU;48.75;44.5
VOZ;Voronezh;RU;51.66999816894531;39.220001220703125
VPS;Fort Walton Beach;US;30.510000228881836;-86.5
VRA;Varadero;CU;23.170000076293945;-81.19000244140625
VRN;Verona;IT;45.470001220703125;10.989999771118164
VTZ;Vishakhapatnam;IN;17.719999313354492;83.22000122070312
VUP;Valledupar;CO;10.4399995803833;-73.25
VVO;Vladivostok;RU;43.16999816894531;131.92999267578125
WAW;Warsaw;PL;52.22999954223633;21.010000228881836
WCA;Castro;CL;-42.47999954223633;-73.76000213623047
WDH;Windhoek;NA;-22.559999465942383;17.079999923706055
WEI;Weipa;AU;-12.680000305175781;141.8800048828125
WGA;Wagga Wagga;AU;-35.119998931884766;147.3699951171875
WLG;Wellington;NZ;-41.31999969482422;174.8000030517578
WNZ;Wenzhou;CN;27.989999771118164;120.69999694824219
WUH;Wuhan;CN;30.59000015258789;114.31999969482422
WYA;Whyalla;AU;-33.060001373291016;137.5800018310547
XMN;Xiamen;CN;24.469999313354492;118.12000274658203
XRY;Jerez;ES;36.689998626708984;-6.130000114440918
YEA;Edmonton;CA;53.540000915527344;-113.48999786376953
YKS;Yakutsk;RU;62.08000183105469;129.77000427246094
YMQ;Montreal;CA;45.5099983215332;-73.55000305175781
YOW;Ottawa;CA;45.45000076293945;-75.69999694824219
YQB;Quebec;CA;46.790000915527344;-71.23999786376953
YUM;Yuma;US;32.650001525878906;-114.61000061035156
YYC;Calgary;CA;51.04999923706055;-114.0199966430664
ZAG;Zagreb;HR;45.810001373291016;15.979999542236328
ZAL;Valdivia;CL;-39.790000915527344;-73.23999786376953
ZCL;Zacatecas;MX;22.799999237060547;-102.55000305175781
ZCO;Temuco;CL;-38.7599983215332;-72.58000183105469
ZIH;Ixtapa/Zihuatanejo;MX;17.639999389648438;-101.55999755859375
ZLO;Manzanillo;MX;19.049999237060547;-104.3499984741211
ZNE;Newman;AU;-23.360000610351562;119.7300033569336
ZNZ;Zanzibar;TZ;-6.170000076293945;39.220001220703125
ZOS;Osorno;CL;-40.61000061035156;-73.12999725341797
ZQN;Queenstown;NZ;-45.02000045776367;168.66000366210938
ZSA;San Salvador;BS;24.059999465942383;-74.4800033569336
ZTH;Zakinthos Island;GR;37.7599983215332;20.780000686645508
